{
  "host": "i.instagram.com",
  "headers": {
    "X-Ig-App-Locale": "tr_TR",
    "X-Ig-Device-Locale": "tr_TR",
    "X-Ig-Mapped-Locale": "tr_TR",
    "X-Pigeon-Session-Id": "UFS-c0a5a9bf-b63e-4a02-af56-be61d33fcc25-0",
    "X-Pigeon-Rawclienttime": "1721582475.496",
    "X-Ig-Bandwidth-Speed-Kbps": "-1.000",
    "X-Ig-Bandwidth-Totalbytes-B": "0",
    "X-Ig-Bandwidth-Totaltime-Ms": "0",
    "X-Bloks-Version-Id": "9fc6a7a4a577456e492c189810755fe22a6300efc23e4532268bca150fe3e27a",
    "X-Ig-Www-Claim": "0",
    "X-Bloks-Is-Layout-Rtl": "false",
    "X-Ig-Device-Id": "5a8331d8-d663-4c46-811a-c3bbabf19d35",
    "X-Ig-Family-Device-Id": "d74842cb-1e48-4293-ad89-75d944ff6618",
    "X-Ig-Android-Id": "android-1961ded7408977aa",
    "X-Ig-Timezone-Offset": "10800",
    "X-Fb-Connection-Type": "WIFI",
    "X-Ig-Connection-Type": "WIFI",
    "X-Ig-Capabilities": "3brTv10=",
    "X-Ig-App-Id": "567067343352427",
    "Priority": "u=3",
    "User-Agent": "Instagram 309.1.0.41.113 Android (25/7.1.2; 240dpi; 720x1280; samsung; SM-G965N; star2lte; samsungexynos9810; tr_TR; 541635897)",
    "Accept-Language": "tr-TR, en-US",
    "X-Mid": "ZphNHgABAAFrMBcScg_D7OZgUbSa",
    "Ig-Intended-User-Id": "0",
    "Content-Type": "application/x-www-form-urlencoded; charset=UTF-8",
    "Content-Length": "1056",
    "Accept-Encoding": "gzip, deflate, br",
    "X-Fb-Http-Engine": "Liger",
    "X-Fb-Client-Ip": "True",
    "X-Fb-Server-Cluster": "True"
  }
}
