{
    "host": "i.instagram.com",
    "headers": {
        "X-Ig-App-Locale": "tr_TR",
        "X-Ig-Device-Locale": "tr_TR",
        "X-Ig-Mapped-Locale": "tr_TR",
        "X-Pigeon-Session-Id": "UFS-a05z67ig-hjg3-48fs-i84v-93k79mqv7308-5",
        "X-Pigeon-Rawclienttime": "1728413.846",
        "X-Ig-Bandwidth-Speed-Kbps": "-1.000",
        "X-Ig-Bandwidth-Totalbytes-B": "0",
        "X-Ig-Bandwidth-Totaltime-Ms": "0",
        "X-Bloks-Version-Id": "9fc6a7a4a577456e492c189810755fe22a6300efc23e4532268bca150fe3e27a",
        "X-Ig-Www-Claim": "0",
        "X-Bloks-Is-Layout-Rtl": "false",
        "X-Ig-Device-Id": "2a43714a-3c0d-0349-bff2-78fe55b9003a",
        "X-Ig-Family-Device-Id": "e84037fa-e03a-b093-e557-43a61c0c11ce",
        "X-Ig-Android-Id": "android-a6dee2fa6fb2ca8c",
        "X-Ig-Timezone-Offset": "10800",
        "X-Fb-Connection-Type": "WIFI",
        "X-Ig-Connection-Type": "WIFI",
        "X-Ig-Capabilities": "3brTv10=",
        "X-Ig-App-Id": "567067343352427",
        "Priority": "u=3",
        "User-Agent": "Instagram 237.0.0.14.102 Android (27\/8.1.0; 240dpi; 1440x2560; samsung; HUAWEI P30; beyond2q; exynos; en_US; 593720384)",
        "Accept-Language": "tr-TR, en-US",
        "X-Mid": "ZwWAlgABAAFnKMVeznkCx9tq6gKv",
        "Ig-Intended-User-Id": "0",
        "Content-Type": "application\/x-www-form-urlencoded; charset=UTF-8",
        "Content-Length": "1056",
        "Accept-Encoding": "gzip, deflate, br",
        "X-Fb-Http-Engine": "Liger",
        "X-Fb-Client-Ip": "True",
        "X-Fb-Server-Cluster": "True"
    }
}